{
  "width": 1280,
  "height": 720,
  "finitePixels": 921600,
  "nonFinitePixels": 0,
  "meanRgb": [
    0.3924129453278669,
    0.30883817429648774,
    0.23313622662286038
  ],
  "meanLuma": 0.32114048999574857,
  "p50Luma": 0.26307370290832516,
  "p90Luma": 0.39559910391845704,
  "p99Luma": 0.48342485841674804,
  "maxLuma": 29.685250424609375
}
