{
  "width": 1280,
  "height": 720,
  "finitePixels": 921600,
  "nonFinitePixels": 0,
  "meanRgb": [
    0.43215949861507585,
    0.34012515094762036,
    0.2567579355697187
  ],
  "meanLuma": 0.35367254031139445,
  "p50Luma": 0.2898448461608887,
  "p90Luma": 0.43571765205688473,
  "p99Luma": 0.5309328963134765,
  "maxLuma": 32.68658767460937
}
