{
  "width": 1280,
  "height": 720,
  "finitePixels": 921600,
  "nonFinitePixels": 0,
  "meanRgb": [
    0.40235576852961796,
    0.31666601761663565,
    0.23904723799198982
  ],
  "meanLuma": 0.32927958277182445,
  "p50Luma": 0.2697551344970703,
  "p90Luma": 0.40560099741821287,
  "p99Luma": 0.49563911909790037,
  "maxLuma": 30.435584737109373
}
