{
  "width": 1280,
  "height": 720,
  "finitePixels": 921600,
  "nonFinitePixels": 0,
  "meanRgb": [
    0.4619994528021214,
    0.36361437467392144,
    0.27449288779297426
  ],
  "meanLuma": 0.3780964709312184,
  "p50Luma": 0.30989934898071286,
  "p90Luma": 0.4657297877929688,
  "p99Luma": 0.5675274673522949,
  "maxLuma": 34.93754172148437
}
