{
  "width": 1280,
  "height": 720,
  "finitePixels": 921600,
  "nonFinitePixels": 0,
  "meanRgb": [
    0.4718824656726102,
    0.37138819284684815,
    0.28035749768922774
  ],
  "meanLuma": 0.38618085905925315,
  "p50Luma": 0.31655333855895995,
  "p90Luma": 0.4757265114990234,
  "p99Luma": 0.579693537298584,
  "maxLuma": 35.68785368398437
}
