{
  "width": 1280,
  "height": 720,
  "finitePixels": 921600,
  "nonFinitePixels": 0,
  "meanRgb": [
    0.4222148333098066,
    0.3322978173097371,
    0.2508543816162451
  ],
  "meanLuma": 0.34553395885427435,
  "p50Luma": 0.283081808303833,
  "p90Luma": 0.42557310054931635,
  "p99Luma": 0.5199826305541992,
  "maxLuma": 31.936253362109372
}
