{
  "width": 1280,
  "height": 720,
  "finitePixels": 921600,
  "nonFinitePixels": 0,
  "meanRgb": [
    0.4321154624429774,
    0.34008829011956765,
    0.256733985850616
  ],
  "meanLuma": 0.35363508618728556,
  "p50Luma": 0.2897351276824951,
  "p90Luma": 0.43552810641479495,
  "p99Luma": 0.5321329120788575,
  "maxLuma": 32.68658767460937
}
