{
  "width": 1280,
  "height": 720,
  "finitePixels": 921600,
  "nonFinitePixels": 0,
  "meanRgb": [
    0.42218951780828523,
    0.3322733357189287,
    0.2508269303864566
  ],
  "meanLuma": 0.3455090855661083,
  "p50Luma": 0.2830622113464355,
  "p90Luma": 0.4255461737792968,
  "p99Luma": 0.5199345660095215,
  "maxLuma": 31.936253362109372
}
