{
  "width": 1280,
  "height": 720,
  "finitePixels": 921600,
  "nonFinitePixels": 0,
  "meanRgb": [
    0.38640352494216657,
    0.3046113130583584,
    0.2302396904536928
  ],
  "meanLuma": 0.3166307061528088,
  "p50Luma": 0.2589794499267578,
  "p90Luma": 0.38835658078613283,
  "p99Luma": 0.4810397467529297,
  "maxLuma": 29.685250424609375
}
