{
  "width": 1280,
  "height": 720,
  "finitePixels": 921600,
  "nonFinitePixels": 0,
  "meanRgb": [
    0.40233358550852794,
    0.3166433366976405,
    0.23902614867832084
  ],
  "meanLuma": 0.3292571226198214,
  "p50Luma": 0.2697731196868896,
  "p90Luma": 0.4055886685729981,
  "p99Luma": 0.4957052507507324,
  "maxLuma": 30.435584737109373
}
