{
  "width": 1280,
  "height": 720,
  "finitePixels": 921600,
  "nonFinitePixels": 0,
  "meanRgb": [
    0.5115916885262829,
    0.40264369956690405,
    0.30395450495196363
  ],
  "meanLuma": 0.41868068216845467,
  "p50Luma": 0.3431564849853516,
  "p90Luma": 0.5156966264038085,
  "p99Luma": 0.6284153780517578,
  "maxLuma": 38.68910153398438
}
