{
  "width": 1280,
  "height": 720,
  "finitePixels": 921600,
  "nonFinitePixels": 0,
  "meanRgb": [
    0.3428443664056532,
    0.26982626124047965,
    0.2036870754902936
  ],
  "meanLuma": 0.28057466118741015,
  "p50Luma": 0.22987524734802242,
  "p90Luma": 0.34561388893432615,
  "p99Luma": 0.422485469543457,
  "maxLuma": 25.933546473828127
}
