{
  "width": 1280,
  "height": 720,
  "finitePixels": 921600,
  "nonFinitePixels": 0,
  "meanRgb": [
    0.3924148394685607,
    0.308837021109595,
    0.23313360722238555
  ],
  "meanLuma": 0.3211398788100616,
  "p50Luma": 0.26309583713073725,
  "p90Luma": 0.3955834741699219,
  "p99Luma": 0.4834210562011718,
  "maxLuma": 29.685250424609375
}
