{
  "width": 1280,
  "height": 720,
  "finitePixels": 921600,
  "nonFinitePixels": 0,
  "meanRgb": [
    0.5115520938694713,
    0.4026140649189497,
    0.3039336012863696
  ],
  "meanLuma": 0.4186495603995494,
  "p50Luma": 0.3429700312652588,
  "p90Luma": 0.5156956054443359,
  "p99Luma": 0.6283984286376953,
  "maxLuma": 38.68910153398438
}
