{
  "width": 1280,
  "height": 720,
  "finitePixels": 921600,
  "nonFinitePixels": 0,
  "meanRgb": [
    0.3766130671675456,
    0.2968900100929577,
    0.22440113510589985
  ],
  "meanLuma": 0.30860543525295714,
  "p50Luma": 0.25243758055419924,
  "p90Luma": 0.3785665119445801,
  "p99Luma": 0.4689131605041504,
  "maxLuma": 28.934910298828125
}
