{
  "width": 1280,
  "height": 720,
  "finitePixels": 921600,
  "nonFinitePixels": 0,
  "meanRgb": [
    0.3924617566776966,
    0.3088795582579699,
    0.23317543152673392
  ],
  "meanLuma": 0.3211832956920125,
  "p50Luma": 0.26311465230407716,
  "p90Luma": 0.3956281809326172,
  "p99Luma": 0.4834868856201172,
  "maxLuma": 29.685250424609375
}
