{
  "width": 1280,
  "height": 720,
  "finitePixels": 921600,
  "nonFinitePixels": 0,
  "meanRgb": [
    0.6196292401727156,
    0.4877261976685754,
    0.3682055613335131
  ],
  "meanLuma": 0.5071393945615049,
  "p50Luma": 0.3402620341271162,
  "p90Luma": 0.9278812362432479,
  "p99Luma": 1.495776241827011,
  "maxLuma": 46.89590346984863
}
